id,y
VGSH,60.451691389102876
JEF,20.17844109867316
IVZ,17.177276733478948
KTCC,5.575474460191003
FBZ,14.866561593025887
PLOW,53.16401590328372
JBK,28.90517719900746
IAC,224.30693048793086
IVR,14.1475708068388
VSH,19.06875886126401
VCV,12.354001572019321
OKE,70.97302200838728
ROK,196.18348903792753
FTAG,23.38276009854177
BRKR,50.4730252645207
GSK,43.56733597191621
JPS,9.915344796178129
SRPT,109.0265159304237
VMI,139.80555374482105
IMKTA,42.640402770215616
BDR,0.6177960785099631
JAKK,0.9410553750933512
MVC,8.990746817997277
AMSF,66.13104516301625
APTO,2.58296636146247
CNX,7.6219940248463685
XOMA,24.845559780593067
LBY,1.7300028986088198
BIOL,0.5502598145078902
PAAS,18.40078821453992
KOF,58.37378164180923
LAC,2.810810020925773
EML,27.31991063509924
IVC,9.31117777160765
TILE,16.59505642434562
IEF,111.16101019609138
CSV,24.033827076765803
QADA,48.69257042952972
TBNK,30.31140014151913
HOG,35.76375594094152
WIW,10.983828284022774
SVBI,8.772096403841568
PKOH,31.86991851534298
CREG,0.32564815749820103
LOGM,77.97058020959926
ERII,8.675729909079362
PEBO,32.58628837138357
PEER,1.572443423169294
ORA,77.29234318528248
RIO,51.61161564539281
BPOPM,25.944120848225957
PDLI,3.057110290973682
RYN,29.8281011100605
UNAM,6.4030764571349295
PFD,15.899551611574674
CALX,7.71463885896557
SNSS,0.48853228853698083
TCF,41.725430289758336
MTRX,19.96349286371949
AVGO,314.41246536455515
MSM,69.90223266496507
REV,23.57918054942901
HSY,147.64239492700187
PEP,133.1313993852214
REED,0.7181369358298743
HPQ,19.764058718728005
BKTI,3.0503377650691545
MPB,27.29117432249711
AAON,49.02498833521759
PSO,8.166716651792294
CIG,3.002747733283177
NAC,14.770152885200812
OPNT,13.88626120664035
RE,266.56316651749586
SES,5.7346078380622565
RTN,218.21658216719572
WST,148.32787613308804
HIHO,1.7197916305753613
FLC,22.14336168612527
EFT,12.872844914604212
DCI,54.598005877276556
IIF,19.540396336789293
BANC,14.940651207695218
CRS,51.76891810626066
GAIN,13.80125452834785
UHT,113.22768993239634
TMO,311.64024166963173
MFNC,15.752413162113912
TEX,28.26021268789129
LTBR,4.523405866235012
QGEN,42.445159870026544
EVV,12.465715975368571
BBY,72.25184303638416
MRKR,2.8705325890739557
CSQ,13.014454493770522
KBAL,20.91941131697121
QRHC,2.5404192118260593
ANIP,58.37262076871976
FMBH,34.75779625604684
HFBL,37.61087431251836
PSCH,123.56979023743116
SVT,10.455517355028043
NATI,42.41666056012403
ADMP,1.230587650563509
CIT,44.84650025827607
HEAR,8.447247000295603
NC,49.01859663775197
USAP,14.240525904371252
IBIO,0.12811778497114534
ACAD,48.691152220898054
CP,236.71134975336298
SVVC,6.286336495044562
VONE,142.16988507360168
FUN,54.00992756286995
KT,11.58467000688436
AIRI,1.2471275237640975
NXTG,52.89387781451463
EMX,1.3736601494986074
TGC,0.5469758886599929
SXI,75.99711733158284
AGNC,16.600364306047638
IMMU,18.910638300961615
KSS,45.904613129674445
PRA,36.82648860932513
ROLL,163.49709697810897
INTG,34.75009897426091
VTA,10.884316147999169
KRC,80.8570302214343
NATH,77.01994359158607
OTTR,49.07410929671282
VIAV,15.15948936472585
ICLR,159.03836545504453
FOSL,7.384264343142534
INCY,90.59361765932698
MIDD,116.16725071514874
CZNC,26.450777520719612
IRCP,12.043922544491213
EVF,6.110757957286169
SUI,159.43980948704137
IGC,0.7957581376489974
UAVS,0.6361565327994343
UUU,0.5986880399664739
USLM,88.97627419787185
TRC,16.120697395200445
EVT,24.5561570104398
ARAY,2.870497899104192
CIX,14.838304155988112
ENB,36.752451751968124
USIG,57.67208293943771
PRAA,36.67658223526112
MTEM,9.994480690230471
SYX,21.26285038244468
AMRS,3.855343373548325
GME,5.715333344735469
IPAR,68.37681011336433
GJS,20.49219605700235
ESBK,14.358461397985415
NXR,15.701393754814108
NPK,86.4792090834776
LGI,15.319314945937641
GL,101.40646624338399
JQC,6.989531890593565
VTWV,107.29611756482407
RHP,85.21206811826659
ANGO,15.387860256502298
CHRW,75.55947281929672
CPS,28.3694793607033
CTIB,0.5822440740382206
GLP,19.747710607200148
BGG,5.973083085132886
MAYS,33.318145705552574
WRB,68.34913396026104
CRMD,6.202839258569261
PTMN,2.0408554720699303
DS,4.016910396649521
AVAV,59.4018197109792
DXB,25.098011891217702
IMO,24.49305947267507
VTR,55.50134644764772
CHKP,118.32478488022713
XLNX,91.35151302010482
PRIM,20.93754724205968
AAWW,25.265996295493544
RAND,2.7840528644739138
JHX,20.032724472733126
GLT,17.203942061697745
AOD,8.36834716604143
CPT,108.73294655545132
EPD,26.34830057491661
BCE,46.565197595033304
AINV,15.221432140373878
SB,1.6803521106997774
CALM,43.363069247100285
HAE,121.47799630411606
IPHI,71.16697091270646
GFY,16.18115226852652
MLM,260.8048290080949
UVSP,25.288500350446494
REXN,2.082564727448414
IAG,3.544892222202285
SPGI,268.19611545733693
PKX,47.43821675667843
OSTK,7.679252506101069
LMNR,18.64217670601053
UEPS,3.734551206769993
SPB,61.45633123978016
CLBS,2.8189454461671795
CBZ,26.37555772624028
GIM,5.797571370305175
ACWX,47.344978785300164
JHI,16.640727089169747
PTVCA,14.641661083120361
SNOA,5.245081700581437
CCU,18.35777261466928
INFI,1.1943498275280875
LRCX,267.21549099883015
TRV,134.292367449167
CME,205.60080583568865
MSD,9.255004220580624
LOAN,6.266532938759321
OPY,27.86936579977849
FNV,97.07403810412143
GOL,16.879842930278684
SEM,21.816045374237753
HIFS,194.54147221812366
EGOV,22.28336737009524
AON,201.99312774791176
SMH,131.03347691955744
GLBS,1.2902598140832
ETV,14.454422866512823
IRWD,11.930233088427835
MGPI,46.668978520702716
NOA,10.802354605249507
FMS,36.74129620971284
APA,23.16212132811516
FRT,128.98776430293978
YRCW,3.3245359898364892
MBCN,24.934843381414076
WYNN,119.44001502631436
GDV,20.4789674484539
URI,157.1531552643404
JBSS,101.50233394987781
CAH,55.16757568355308
FMX,92.55501742085056
RRC,3.7160443003140124
UMBF,65.72056534598437
BIO,366.0965933318183
FCFS,79.21070657074046
ASTE,38.01874717323888
BHK,14.307055812732324
PKG,110.67578277612955
TNP,3.5075732506327046
PLBC,25.570137760505656
VVUS,2.9245291465968637
WSR,13.566776573055972
BFC,69.11436774107221
KFFB,7.368281933326915
JBT,108.0425288899296
VONV,115.74232013341948
LQDT,6.515819082418577
TSCO,98.03097423591339
EA,100.82464189057312
CEQP,31.56765510571918
FFNW,14.167797132928262
BBBY,12.374759144145553
NEON,1.4537103660181538
BASI,4.118021675170288
HPF,21.30377243060383
WEX,199.4750202953522
NTRS,106.18480466708081
BCH,21.246020679936926
EGF,12.78127602028301
GPOR,2.5667169007173896
GILD,64.82844980433038
PSL,71.73981909811441
BJRI,40.72864338065207
AMRB,14.910034599560039
ARLP,10.66727479240237
CDMO,5.2844716936949
IEC,7.745046185529269
MBT,9.26589365332115
GCAP,4.052317189342894
KEQU,15.935693299944585
HFWA,27.557600502583128
KW,21.988803051788928
MOV,24.017792924272925
TFC,54.53474043384995
FTC,71.3280424819448
KELYA,21.38841765696764
SHBI,16.352843754810614
CBPO,118.59233986150895
ZBH,144.79572806515287
CLDB,22.099797003754844
JBHT,116.9283881998321
ABIO,5.2301930856209005
CHNR,1.7235254740082615
MRCY,71.77442161391674
PCM,11.31349176472992
ZBRA,248.96209689339796
PHD,10.382878169338008
KIRK,1.3317305249934597
ASPS,18.22146240859925
SCL,96.68206268268291
DQ,38.71946845941262
MSN,0.8402182060374941
CSFL,25.382182255389903
CGEN,5.643014589720022
IIM,15.280515334359665
BAX,82.50159892631169
CMC,20.473878972800808
PII,97.32074805079604
QNST,15.980754357763866
MPC,62.108589926497835
CHD,69.34721550241227
ETFC,43.2426075563585
CMU,4.652740294041268
ELLO,12.848585894480596
JEQ,7.710680346559669
FLWS,13.045542205387948
BREW,16.899602223812067
TRS,30.655077149262993
NOV,21.87031791976468
DEI,43.32089330813815
PYZ,59.688989176717335
SCKT,1.6909081539219848
PRCP,4.7307718479684375
CNA,42.58986616355927
HLIT,8.102848966770782
GFI,5.243847689183438
RLH,3.20552983602493
ORAN,16.151340800766178
THC,31.753662770892205
BDC,52.930806095868924
MGRC,72.67904800390562
DXLG,1.48186093456135
BCLI,3.9332485623859528
CHY,10.94319673896324
MSGN,17.18395899347236
OCC,3.352565213745893
PTEN,8.90841711023803
ANTM,295.61621139810734
EXPR,3.4620817884761372
PFSW,3.6911656911926696
PSCU,50.28272611318483
EMD,13.569464586863113
RF,16.48457578327298
EBF,20.030184816776178
TGT,124.24715822909837
LINC,1.7002090639983818
LPX,29.565406155833116
TWI,2.936262667181072
GDEN,18.33874905635186
SRT,7.9672812542791895
HAFC,19.459265784922547
MGI,3.131333000140322
NRK,13.152917173945745
BLW,15.483645067413438
H,78.91037359874882
AEE,74.9692930293468
PSTI,3.305845068918855
NYT,31.516733707982723
BCO,91.24110891598178
UONE,2.13762709001545
GLUU,5.272752689273089
MFSF,39.47292511472631
PNI,11.787133409671526
ES,82.03704478711202
CVI,44.59326324675802
LIVE,8.039867886604457
MLHR,47.68535011787995
SMP,50.15686577172766
PBBI,15.200425615411598
TCFC,34.531093286772055
HBCP,38.802481519251955
MAGS,4.290206523940153
SENEB,37.33761697796857
SYK,203.24296244665004
TGI,28.953288067936533
AMAT,57.06539923280328
MATX,36.90421211477082
CAR,29.65735172828439
DX,15.83640151194194
MPWR,160.79467983217108
BEN,26.845665732048783
CDXC,3.581973536232782
WVFC,15.825730377782294
ED,86.37186318413441
MHE,13.323639972061326
CBLI,0.5503815675778928
TEVA,10.33233415344625
AER,60.9198037712541
SAND,6.693797768257517
TUP,8.790061302051276
FLUX,9.105107691179974
ABMD,189.40256452084017
MGIC,10.37224842320592
VPG,33.75105984854903
POWI,91.04787366869425
CBFV,28.240246639149547
PTSI,58.73341398698443
BBK,15.213244424995242
AP,3.414935537701163
LMAT,36.13670312902824
PSEC,6.191348232627343
MA,288.02606826563004
CZWI,11.81030117683163
SSD,80.75059896017437
PMD,9.032672612360917
CNQ,26.634371394657002
ACOR,1.8794780009663017
CBSH,66.57929748612484
CPRX,4.454318182873494
RCKY,27.396839618814422
PML,15.417586605516531
HSII,29.62584560954935
CLRO,1.6327558840807628
TPR,25.691620774341743
VMBS,52.849315554594355
VRML,0.7619421421176565
AAP,158.11576924534663
NR,6.139523180692263
CXE,5.312947219209604
LSBK,15.10335596399012
MARK,0.6684486081535058
HRL,42.50957464892336
ZIXI,7.385508343521369
BYM,13.763650541574055
MITK,7.298779607583927
BOCH,11.323341044481836
TIF,125.76982365580245
RFP,3.7676292767276602
CATY,36.74846357904677
RMT,7.847112368243072
SATS,41.886555191927485
VCF,14.615873639769374
BGY,5.4428313323130535
CQP,40.483147142303025
BLDP,6.7608874535187065
FBP,10.344928174598381
CTRN,18.758538269150794
LTC,45.07787249882021
TATT,5.079102062881539
LBTYK,21.666459607844217
MHH,8.789046971798818
BVN,15.15622717602909
SAP,136.3183292646924
UTX,148.0719428812239
CBU,66.63571781264527
FISI,31.820865933231413
RPM,72.96059087388562
JOE,17.34027731887776
FHI,32.95930150895145
FLT,301.1547822230219
QADB,36.4802424675086
PNR,43.88457109281654
LOW,119.02273520879534
MDP,33.99810691596535
SSBI,12.363424756735528
ARKR,19.723689834986935
BTA,12.42586078602385
GSM,0.5594696836162846
RIG,4.723271357864918
WTBA,24.235923635682077
PLPC,69.44027180543095
PKBK,21.349870825022144
PGC,30.36522577802012
BMRA,3.0344350085655694
XOM,68.3649459767454
AROW,35.535756507958325
DAL,56.55860669379203
DUC,8.944793756840781
GBL,16.966343098770817
BAH,72.73773658308296
NHTC,5.7204510332078575
SUP,2.877197891920009
TD,57.559257783834134
DAC,5.855898995709682
RDN,25.70696184103143
NYV,13.931966438837623
AUTO,2.5078097960391594
IFGL,28.91796897492242
WSTG,13.825984641743357
LL,8.689365078801192
JMM,7.219364991436436
HRB,24.013137378162718
CMTL,36.60015062268517
FBIO,1.934069637845735
MIND,2.244620708413209
FANH,25.861620799615437
QDEL,66.9578447766742
LSTR,110.12019274653736
SGLB,0.9879385056340485
SCHW,48.27394104381237
GCBC,27.932318077557238
SRCE,50.96845044612214
EPM,4.9096166922256295
IP,44.906636846075344
BCV,24.880353984565318
LYG,3.0958092112485986
NTUS,31.878908743505143
MDC,38.84852945250315
SYN,0.4330349731094504
PFH,6.546876415091568
FFHL,3.4659408483829925
KAMN,64.04805871318463
CLM,10.390278714209533
USB,59.285254326728065
EIG,42.35557588742347
ENDP,4.858817633715878
SCS,17.828987936566215
TREE,381.8529897513597
DMLP,16.75020135240115
JOB,0.4481493296217737
WIRE,56.49236791999294
PME,1.4825602094572001
TXN,117.62647132840821
CLCT,26.54536545226914
TVTY,22.239999996959277
DRAD,3.1122084624563517
NUE,54.51777861477908
INDB,83.07282000822511
BME,40.02509191434288
CXDC,1.926529370504527
CTSH,63.40066183969237
IEP,61.020446720642155
SELF,4.137192293678602
QEP,3.2023246169708575
MAIN,41.445462116447366
AXTI,3.039366803209504
ESTE,4.452561648469629
KLIC,23.872693874191715
AUDC,23.09756473875112
CCI,131.61154645978897
GJT,20.782682094512836
OCFC,23.859067005061725
CM,83.15662052179984
MCRI,45.06218317998495
RBBN,2.9509104246788853
ADP,169.36671879767889
ADES,10.51510663215343
NRO,5.470544573887973
OLED,198.35914633672672
EFX,139.18196711819263
BELFA,13.018270954343397
RLI,96.76856979744551
VER,9.281723311959436
DFVS,25.880967056403968
FSI,2.471056203167097
FRG,12.565713438557088
ARNA,47.42003367608544
KVHI,11.051187561949831
PLM,0.2957392534600378
BXC,12.672629841942168
SKX,40.65936243100175
NSP,74.6212892494996
LBAI,16.673876034634173
EVY,13.008069487878743
JBR,5.799693685193977
AMSWA,16.01483884840728
BGFV,2.6536470619519053
VMO,12.278557736578273
IUSG,65.16779513827649
HSTM,27.781239054708166
NGS,11.031804337847037
RSSS,3.207701836534346
MFIN,6.507450233065596
KTP,6.67641511460187
IESC,20.975008014768505
CYCC,0.5463135539844753
VHI,1.9293942405405078
AWK,120.32402462238393
ITI,5.1476166491876665
TRI,71.61973181778701
TSG,24.19049792000805
NATR,9.718074701743038
VIAC,39.180071198948
RECN,14.953715726112838
VNO,61.26671926358973
OLN,16.697755046788878
TRQ,0.45602247042894156
SHI,27.249237035531838
VC,94.3044847306184
ENZL,52.92578652442276
ARCB,28.47195144688979
GES,18.05690400586086
OPOF,28.650363896587777
MIC,41.41004835356432
PSCM,44.29048449785746
KBWY,29.79540870317306
CORE,26.980156004865552
ATO,108.12924146099927
NRT,5.582077148646491
INUV,0.2873926323411246
VKQ,12.12632493588149
HMN,43.068838881524954
UNT,0.7462831212421193
TXMD,2.7743118207062554
UNH,279.704850496542
EMAN,0.3574557982117926
CVV,3.58999996552969
CNBKA,87.55289071499487
KB,39.03721493555519
STL,20.67427847871794
BLDR,25.54344360570955
EDAP,4.9197851703973345
CTBI,43.64141244359875
MHK,141.37073825723192
CHT,37.50754533530796
FMK,37.37676718808694
MFV,6.203725284252984
WM,111.09083213630888
CTB,27.633293483202316
BANF,58.63902687430543
GATX,82.01799650818226
UBP,17.88523861339347
EYPT,1.4330325169092077
ATI,22.969297640367607
DHX,3.2150196397884945
NVEC,62.767525676312566
TNAV,5.400467906158807
EXPE,96.8825899663122
CAI,23.867862443977003
BYFC,1.5457722339006612
MFM,7.031802244647952
IDA,106.11998896349364
CEE,26.348587661520618
GNW,4.123467022405977
BUD,79.81032263991295
DVN,22.513581707896968
TCX,55.72342271523282
AMX,15.76848214366693
FNHC,14.789871786208908
GT,15.872348626738859
HIBB,29.13190885192453
KEM,27.28275207086362
RAVN,34.196920309587796
TRNO,56.741732229939956
VBFC,35.19829606729508
WYY,0.3658327844239805
CXH,9.699427206104396
AJRD,43.44078067981815
FBHS,63.13652444335746
GEN,1.6071355398301812
RTH,119.14144644323555
VIV,12.961599262883553
LVS,59.927565649877494
TCBK,38.18971120519108
EBS,52.59336739606332
SAIA,94.63613449900753
AWF,11.717740422622212
QQXT,56.51746910481191
ASM,0.5218136130254969
JAN,2.6504873479226125
DRH,9.894166248418358
PCYO,12.465678233753477
CFFN,13.962938267428243
NEO,25.035237802749375
TGNA,15.19178548783145
UAMY,0.44877197143209874
UNF,207.35976599230062
XRAY,57.540993220670956
AHPI,1.0770070685689148
HCCI,29.237112932579844
TWIN,9.95936858444118
CPE,3.695301914661913
DSPG,14.078051842210431
MPV,16.64109599358378
USAK,7.32069572043578
ASA,12.103350075135864
NSL,5.523964447005838
ESE,86.29732685266947
PRTK,3.025995267760268
ENV,66.57494896761408
PYT,20.790994154693145
ITRI,80.42331773539334
NKG,12.3245462552575
WASH,51.23207759149164
BANFP,26.54203361454131
ICE,94.26658400682496
BTG,3.518687508492109
GEOS,14.429194501191676
RLGT,5.218459630911241
SHIP,0.45583303611003223
XXII,1.1354591405381569
AIN,84.17410225850739
PUI,33.380363932844375
MLI,30.983870897695045
GJH,9.93021387866695
SPPI,8.561664362986317
CNOB,24.966352334027626
VMW,168.24646715413812
DBI,15.999373835501704
L,50.67258997174039
KEY,19.002693891048622
GUT,7.570971026330074
INFY,9.726150964319064
PGR,71.73487190668709
ABEO,2.6009975476559695
AMAG,10.627239498184482
KO,52.4056270693696
CAMP,10.469905616938583
NNI,62.1086342665131
IDN,6.92672258669466
DY,48.561874866404125
DXF,1.4523789343595843
CUK,40.89673655869635
HST,16.650003297043426
PIZ,27.48025302121439
LOPE,85.60691195249653
PPIH,8.907872614567287
TAIT,2.5571887259801063
TER,62.621459257629056
AKG,0.8792992351143568
PZZA,61.93406120383798
MVO,5.512239598944438
AMT,211.40300471404402
CORV,2.3342771695926916
NUAN,17.84464703768687
LORL,34.08700506023628
GOGL,5.48416302982702
PMT,22.37799114394946
SAFM,162.3854850435228
ACU,22.45902883775829
EHI,9.375646870366026
JBN,6.025184865631263
EC,17.9683135426926
GCV,5.630482081035421
GBR,1.3445615327200573
NHI,77.05467490192741
MRO,12.091663379981725
IJT,183.52743423927095
NAZ,13.27990329638978
MUA,15.113457423743862
WSFS,44.2435942568445
SENEA,37.09611121502613
GLNG,12.48223798408911
MYJ,14.952001061022298
PBH,37.98676498224639
SSYS,19.005980624461518
HII,249.28275843439857
NTES,306.9293261859077
RCS,8.98170001100978
KTN,31.730932007737636
SSKN,2.62334919308106
PRN,67.6941526985478
SOHU,10.308021092350923
PLX,2.5324220944911984
PICO,11.045551887249808
TOWN,27.73085042510666
HCSG,24.928562897137287
CHA,39.6166703827279
AG,10.625266233248881
MYC,13.793759594103047
AVNW,14.070614222049972
MLR,36.69874037098817
TTGT,29.254565823220563
AXE,86.4117536722561
ETR,115.88561634049567
ICUI,189.42358443352282
REFR,3.4332989846693924
GOF,18.64789974757994
SCD,13.53385773976413
FXNC,20.056874057995024
PFIS,48.545911308427264
NKE,93.8440948789719
CNSL,4.129979957242871
ABM,37.480448904079566
PACW,37.60164593630846
DXR,9.469131501403531
FNCB,8.21242749367591
PTR,46.609416334700015
TLRD,4.99356633663527
REG,64.19982331120445
CFBK,13.795164324184245
DSWL,2.483073134619297
AMTD,47.71671977480986
IO,8.787145910836795
PCH,42.19411587455531
PPG,126.19823258217782
KMX,98.98124209419379
FSP,8.360760236038825
INWK,4.63539928921935
CROX,35.12250255698676
NBY,0.6034584104754123
PRO,58.27919925936522
ACGL,41.18805239973033
OVBC,37.704630710110095
SPNS,22.51918642739716
FAST,35.86046117600345
LPTH,0.6404469762290326
VKI,11.003635310898142
VZ,59.398447690168986
VGR,12.170062143805971
ALV,81.78396455163661
REX,92.80140570247988
ISIG,0.9362102116361469
BWEN,1.5218056643700923
CNI,90.48768810241506
PEY,18.16028879876654
RCI,46.82608495688249
IMV,2.3738287472854354
COO,312.40404852894807
LAWS,49.59217771897734
ITGR,75.13985909486124
HTBK,12.404335204421098
DGII,18.239149344793073
TREC,7.887011492534602
GIII,28.769298454194065
DPZ,289.83145102332924
CSCO,44.84646828768189
ERJ,17.234589687541547
HYB,8.6531594447398
MMT,5.964403407208902
NTP,9.078496061731757
LCI,8.761376282371062
CAJ,26.897247267712697
VBF,20.07143092908606
NMY,13.287073922689348
DMRC,32.30549769441784
CTAS,258.4615548318798
MSCI,264.4900276440035
SGC,13.346934759795783
SHLO,3.884762753984189
PTE,3.128633777214496
ICCC,4.841040293717606
DXC,35.25923999822896
FLL,3.225377673794766
NKTR,21.447563071064046
SNFCA,5.244384184016785
NEM,37.965432687233815
CIR,43.033351774100694
TPZ,15.289920689611513
MTSL,1.1627785198802358
TBBK,10.83186797720231
HSC,22.145650614471187
ATHE,1.017237965186797
CAF,20.602668378667033
SEAC,3.6260957340066136
TECK,15.728523513578638
LUV,57.573073125474444
BRID,25.25574725783804
GTIM,1.6546625403357098
ESCA,10.592871545446318
FSLR,54.997409445949735
NMI,11.211577683768127
RP,55.13551773936825
KMT,33.420355895943096
ATRS,4.918145589204336
R,51.62423918415272
ANIK,58.7445132145979
TWO,14.08031541269139
B,59.73196976989826
DDF,14.148784734025213
INVE,5.3769808188139585
VEON,2.3198678509364914
CCL,43.407895339818126
GLBZ,11.27006183255183
EBAY,35.17941915011443
TREX,86.64940850967295
NHLD,2.6789752840071146
SNN,43.90571961948751
GPS,16.920019435162168
NNY,10.14560991858412
UFS,36.46741291647922
HAYN,35.97553212366142
LAKE,10.384728266769557
TMDI,0.7313777489110538
COLM,91.49964250852746
UBCP,12.298515111578832
BHP,49.6129924598274
NWBI,16.536198309114774
SA,12.155253966721626
HUM,342.7927903881004
NZF,15.91040005169157
HOLX,50.63819833710349
AGM,80.68421857206907
GSAT,0.3813233883073633
LHX,200.3654034577357
NYMT,5.948774298055544
SPSC,56.70304639804031
STT,73.15303695356545
TTMI,13.02792913625764
THTX,3.110043897093075
HCHC,2.042046733247635
SU,30.70648219660727
DSS,0.3376516139169175
NEPH,8.110915584756173
MNKD,1.2235810446571054
EMR,73.59289301646592
LII,255.1134083205594
AVK,14.75071139622205
HA,30.931591872784843
MYN,12.871271063641217
USA,6.420031386476579
STBA,37.773517111476934
HMG,12.939713248719157
CRT,7.67375256181043
ZIOP,4.749819327548492
MRVL,26.199525856994338
HHS,3.3428076418758352
GNTX,28.30844644541786
PIE,18.57405552988297
GPC,102.94469818887838
CYAN,2.467934317522109
FAM,10.600265436053746
WEC,88.90042958334374
MICR,2.2863083658117627
PAG,51.209037352420616
DFVL,72.69003929960833
TG,21.14812649156811
FORD,1.0113671026428568
MERC,12.022664698708153
FWRD,69.6574359328109
EXPD,75.49378721269353
SCCO,37.66786415030599
AKRX,3.962690100214638
FGB,5.679917656016709
LECO,91.93499447178425
DRI,114.9530012577294
AIRT,22.50530957609704
HURN,66.65791122380935
SLP,35.087851732440825
VRTX,221.4655004580968
SIFY,1.2740716236260692
FLS,48.40269275795646
CAL,22.459061354576114
KIM,20.564231565277108
DOOR,68.91723908508654
BAM,57.19146695926142
AHT,2.569029622158581
HRZN,12.038387004377881
SITC,14.603748783502382
TCBI,57.8527570166177
VALU,27.438642619079367
ENLC,4.851511699976558
TWMC,2.6905944740219923
LAZ,37.425378069228415
VECO,14.01829558971265
CERN,69.7518474458237
BLE,14.988360653607913
ETM,4.520859112240752
USEG,3.6145372916492913
ETH,17.19584297039367
WTT,1.3840832797912261
SKYW,62.43245032520783
ABG,111.26690059486302
BKD,7.210657495996423
CARV,2.9021540955352143
DGICB,12.43223592570101
GYC,22.389010562883204
BMRC,45.19153511400364
BMO,75.48093497688323
MMAC,32.851568988500155
NAII,8.143439963901171
TLF,5.1635428858108
TTI,1.1996472653996708
CODI,22.351668049929984
UPS,119.8833818058613
FAF,62.71614044116785
BKT,5.924291375390688
NJV,13.684598594023527
VTN,13.683777631165151
SPXC,48.209296327318064
EBSB,19.77742842823253
SNPS,137.46851559544376
PSCD,61.059163501969714
CVCY,20.762047358195726
RRGB,26.539327792781638
CUZ,39.38895633353961
C,74.86762145086227
BVSN,2.644789056282311
TROX,11.207093657113981
NUV,10.424662363481144
ONEQ,333.70250613049643
IGR,7.683046259367847
CHCO,79.7065843995676
CHIC,22.64273424761523
ASGN,65.79003323484181
BND,83.55657286448181
GLO,8.996102099002204
MCK,153.46893590275678
PRGS,41.04710134952489
FTCS,58.97930290684814
CMI,180.12851924442276
HOV,21.48541363731271
CWBC,10.643656169880611
TQQQ,75.98301552873238
SMG,100.12955510075471
CTL,14.492779258686287
HLF,45.54073501873249
KBH,34.525649135548086
VMC,139.7941014686906
BPOP,54.59196494386883
ESP,21.376067407384244
RES,3.532653467708671
GVA,25.881337556642563
SLGN,30.56629955063493
UUUU,2.041979596599065
MIY,13.794004541807924
GRF,7.846370870079088
MHD,16.903876639680742
DFS,84.03252017651107
IFEU,38.780244000556486
RIBT,2.5605542831477552
GE,11.596331774118282
ORRF,21.784230171487653
ONCS,2.0880865244344826
CIGI,71.55730440609504
GPN,182.42976809911085
ALCO,33.31425028205643
DIOD,45.672021227201945
TRMK,34.043803647589385
PPC,31.323563094789495
VGZ,0.5903514625895816
RUSHB,43.887804212259354
VVI,62.93499782590312
EPR,70.18024329267807
PROV,21.866353174528548
SLAB,105.22384862788411
CRY,24.48249993766158
SYNL,13.12374366963451
FCN,107.66911472150973
ROIC,17.429005676893436
PWR,42.301308243988544
TDC,27.105593824483964
ECHO,19.52589046128046
WSBF,18.226268128608755
FLO,21.378250336374755
GAB,5.872139722273379
SOHO,6.217844802824583
CUBA,5.758923928610147
BGR,10.8897999868096
ANF,15.850825268081545
AES,18.79722105048019
K,63.83473733230568
PRFT,42.25208255525942
CASY,173.82358852081052
BRFS,8.209693443437994
CLGX,40.63027693338384
RDWR,23.839282100331054
ASRV,4.14199931617098
ALXN,111.94870401569001
PYX,8.207741086979144
CEO,150.52724899560164
TPC,15.401332840463494
SGMO,9.947167049730645
MU,46.64898790621545
HPI,21.92954739709657
OBE,0.48924201614547014
MMYT,25.711070857918966
MCHP,92.83250930953953
YUM,98.11335052538726
EEFT,157.15387497604016
GRIF,38.26866953098344
MTX,53.577251852536136
ALGN,282.8529985876687
KLAC,161.04016730856804
IBOC,41.7729717078182
BKN,15.336351070990858
GRA,67.42355267567942
OFIX,45.0124605854797
CNS,65.85299742111725
DHI,54.56854363911362
ODP,2.2586298352071457
TOT,52.486155141224984
TAP,51.60818071467651
INFN,6.571233026613905
ETG,17.032568634887618
FBIZ,24.57035279481427
MTT,20.948649187040967
NBIX,117.46965851604743
CRF,10.066989267722349
MTG,14.18975586528191
INOD,1.2855793592623501
ACLS,21.277146636762573
UHS,140.51158941878265
NTZ,1.4742605291926973
LCII,103.77478917018551
PSCI,69.65919379900588
VTHR,141.00924346800045
QRTEA,9.378896795675681
MTR,7.122427140011963
VTWG,148.84240142349097
MCN,6.191925156756453
NRIM,37.556403326505176
GIB,82.13458029060953
COG,16.31679650614593
CBOE,124.78285558075777
JMP,3.3151343789868943
MHN,13.41170525742975
NOVT,88.07023802197898
CTHR,1.4435002727778197
XEL,61.07211429567524
CBRE,55.571501913409655
GNMK,5.604736965403421
HEES,33.52652906902704
AVB,209.50673740774275
CECE,7.852128724623785
TACT,11.210081669564254
ASRT,0.7501476222915023
MHI,11.894334025371984
VERU,2.0584731772802654
HOVNP,4.048841865969033
PCF,8.276314518095624
JPC,10.001557076716708
TCI,34.16106930468604
SHOO,43.09819652970715
TLK,28.785569900071916
ASB,21.395764721982708
CGA,3.35465793931436
SJT,2.2800250286708756
STAA,38.17643846464325
KWR,145.83009556980446
TTNP,0.15704726677178507
ALNY,108.78239134462234
DXCM,226.22225092568644
DGX,106.32504568672
MAN,92.57738373662704
T,37.56351376241048
NAVB,0.7967332796950176
STRL,14.216465310180734
GTLS,53.61490750141924
UL,58.236740590137124
SUNW,1.2900125927970914
HJV,6.059810819750696
GPRE,15.62194645398831
CSGP,602.8273493858367
SIGI,65.43795219282043
LLY,116.89322108255641
PRGO,49.25985541320517
CVX,117.44058981882729
ACTG,3.0314768411571067
DVA,72.233658526738
NIE,21.919330567649716
WLTW,189.90992244990485
FTF,8.96322488625381
MSI,166.3434564321313
ROST,112.43048017250787
VPV,13.365795296844748
MSEX,62.129409944007186
LMNX,20.633525342597284
TXT,46.53209182385615
EAT,43.39546149757474
QUIK,3.7882856852152944
VMM,12.91630818031457
HUBG,51.95729615734758
DSGX,42.79283010283124
IFV,20.044161514394258
FAD,75.46253548596806
HBAN,14.55671564285692
SPOK,12.219621271995054
CVGI,7.181210559258429
GPX,12.632896051668801
CFR,92.66975250885207
GRC,36.28968531711533
RPT,13.65572304647566
WGO,49.034644289048416
SGU,9.312151736990218
GLAD,9.816337422415684
NIM,10.276917369058914
ONCY,1.0882617002987847
ACWI,76.59673736525617
CXW,14.291780718060911
THM,0.5111357554355309
FCT,11.686960315293355
FFBC,23.60683835740501
TSN,86.78038302849461
IGIB,57.368273251778376
GJO,23.37091002931938
AN,52.27393362735734
FLR,17.77349843227433
IDXX,262.5697732310622
FELE,54.01225357280132
STRA,138.7713368971604
BPOPN,26.433030725974646
PERI,5.1420172817013015
MTL,1.878301969225276
WINA,179.11016427785069
RDCM,10.08925018229224
RVP,1.4271563349399976
CX,3.6350117680912355
MT,17.351123025926654
TESS,11.639257042046383
BSBR,10.677582054701565
TR,34.59148288907792
HSBC,36.291781432789435
IDRA,1.880254016949802
CPSH,1.0513518808868423
NUW,16.57600327117839
PTNR,4.495982495372042
NVMI,34.73818853793768
DWSN,2.6246135603756655
CMCL,8.101367082283016
DG,161.15733540820372
IUSV,60.56376650681141
TECH,217.70328292488523
CHCI,2.161462778790634
EMKR,3.089712748801799
RFI,14.749031217075597
RUSHA,44.21486920566294
UNB,34.79902743321926
GRBK,11.502855472442246
NGG,57.06348299060671
HZO,16.219651744578666
BLKB,85.00004045872329
DVY,101.71467183517697
HLX,8.52622147326447
BMTC,38.79230198294192
FEM,24.45721624416504
LCNB,18.081624557222028
DLHC,4.269964809443421
AVA,46.42228701007849
HHT,2.250979131997207
PHM,39.12045385714719
MDRX,10.897527338123798
RNET,5.969632383053925
LZB,31.30653648492022
RCG,1.535880133607701
DRD,4.097633757685754
SGMA,4.4128819494233245
RNWK,1.4265308477072658
NOM,14.450041349624875
CNC,60.7096008111523
MNTA,15.525888358322383
TLGT,0.6438733203343017
NXC,15.159955095858226
NRP,21.018567456254683
TRXC,3.250384545760459
INBK,22.3749790093691
LYTS,5.32794529191413
ANIX,3.6071185136545836
TISI,16.2724771792913
BICK,27.12674454150747
CVM,7.9078814348674
PIY,7.565731691649677
HTHT,35.65962529255677
WPC,81.39818432589611
SMBK,22.484197016633537
EDF,12.67696570096702
FRO,10.581772550218954
KMPR,73.26753989487355
ARR,16.412478533412685
ZGNX,47.87013484768543
MD,26.956168286548042
ARTNA,36.740871463246336
GTS,18.24678296207092
SHY,84.17931235692063
GEC,3.3571906042912296
SNGX,0.9868161804410606
HSKA,95.8066443765962
PRFZ,131.48706121522127
FLXS,17.32056639149701
MTH,66.93846452056847
CTXS,114.19542638114966
FTK,1.6996228072064725
LKFN,47.262517872599965
PRI,132.07277407324563
LNDC,11.237827595416515
ULTA,231.13414035713112
PTH,87.23577743302697
SBGI,35.773644797657106
SJR,20.190506136597683
MUE,12.552179369639637
FMAO,25.781962799784996
JE,2.6032408643624536
PFIN,6.7558162537457145
IGSB,53.08709561514317
YORW,43.12248722950611
HMY,3.194235950004465
UZA,24.81245864107722
NTIP,2.0567269161547244
EVOL,1.0085563928754082
PRU,93.70755229887737
AXP,118.8927179743663
MCF,2.990787400474263
STX,58.364853132490715
TGH,8.984871142506645
WAB,80.48157091504788
MNRO,73.17963471018135
TDY,354.17523709944237
BCDA,3.707147846907811
FMO,6.940027732814215
NYCB,11.975032020629122
PEB,25.22619565028345
WTI,4.261788005867699
FOE,12.85889525366702
JWN,37.23950468741861
GGAL,12.909340572973061
AEZS,0.9602534946344965
AKAM,89.06879579632187
COHR,153.3161340367453
MUS,12.353636199553401
SMMF,26.154722383475004
INGR,82.38801051995931
CYRN,1.5477828242208915
RBA,41.96698939627598
MOS,18.07524060944842
ZYXI,9.200021368827896
DMO,20.782940632155093
CUI,1.0273346683730946
FPAY,1.5960353378581902
EME,88.74534188406776
CRIS,1.6982011821091056
ARCC,17.758966670015607
CHW,8.17817270504315
ORCL,56.61376802051029
CNXN,48.42198500776284
LTM,11.045320496477597
NSEC,12.887499934432528
LONE,1.9547318305804666
LM,37.96922404334068
IRIX,2.3610514399282945
NM,4.93537130255686
COKE,275.81538146011314
MANT,78.10349052161325
NHS,11.57731650591346
MAV,10.61827609139003
MINI,37.63359011485538
FCF,14.211752769923418
AAXN,73.31949822985406
JBLU,19.29787429021358
NG,6.7069310837924085
NUVA,72.77029408001171
CPHC,12.45561992128041
CVTI,13.656180246669107
EXAS,79.7832108460547
ECPG,36.096452141841795
NUM,13.86017662460618
DISCA,32.42357537568786
CMS,62.02483949489193
CATC,79.46164292177956
MAC,25.255855694503587
MG,13.106368990357012
DTUL,63.877249562095464
ORI,22.126288236307737
XTNT,1.8618825818694127
LMST,16.17481892581629
INFU,7.827958657492166
LLEX,0.13424923038122039
TS,21.818477675445408
GJP,22.124016703902473
HRTX,24.942530554862962
PPL,33.150162578722735
WERN,36.754882393854615
AMRC,16.37651420145061
CSX,70.85149409768522
IMAX,21.42052410057873
PHG,45.75828009455524
THRM,41.33987759548158
EXEL,16.569095483418923
TBI,23.239557680584518
BCS,8.455760336152958
HTD,26.707115906655243
CCBG,29.155287444001548
PACB,5.197466639464224
FEO,13.197923470095812
JRS,10.300857347175866
GLDD,10.166369633899022
ADUS,92.39574046976932
MYRG,34.03574628002261
NI,26.499104345731922
CDR,2.6132696861415448
GD,182.940267889504
UI,197.8921169094596
GILT,8.30792522801498
NYMX,1.8854280080443186
NDSN,165.33623490918967
TGTX,7.691234057152821
FLEX,12.016859851433953
NFJ,12.309765994955772
WRI,30.34888586466324
EE,67.50541024892274
PLUS,83.98635832087913
SWKH,13.22975883087885
MO,47.24306323957811
TSU,16.17075699596429
RNR,186.12293374434282
ATVI,53.76594253916802
TSBK,28.26713828266676
TYL,292.26389115073596
DISCK,30.17948235401444
FOF,12.806985669791823
EXK,2.1499322679194055
PB,69.27810962883264
SRCL,64.92698922365058
SNMP,0.28214601826357977
CYCCP,4.43326881959495
CMT,3.0357352359224112
WAL,52.3798693366808
FMBI,21.236510738532974
PATK,50.80588041119833
ANH,3.3876574762040703
SSL,18.81387047289917
CW,139.08726796595124
EWZS,18.05889313958515
NWL,18.71553688080245
BGI,1.1272889058538293
EBMT,20.787309457683364
DLX,50.06986833115404
TGA,1.1226424350793245
AEO,14.927147598843973
MUI,13.95276743920869
NBW,13.668319617055754
SM,8.48458790802432
BHE,32.52023549743642
CLWT,1.9542794609501546
CUTR,38.27234641062743
DSX,3.404707408142875
UEC,0.9275880462416616
COLB,39.24991098792285
EOT,21.827318006728184
DL,7.479008281854775
CEL,2.8860489002672844
UMH,14.64583622965377
VRNT,47.81306397813531
UMPQ,15.999140905586788
EXTR,6.726125423092066
BDJ,9.372109072226408
NVG,15.987400878756235
PAC,104.70974660964126
PPT,5.283369668066654
PFI,37.532238514833345
CNTY,7.942822574680665
TTC,77.86493928583198
AOS,48.77138394937381
SGEN,120.57267268630413
GLQ,11.469546443705042
EBIX,32.99816606422183
SSNC,61.034658124181654
BYD,30.29671268408815
GTY,32.14506280293902
UBA,23.146566514180112
APOG,37.28264438756043
UIHC,12.551676150262082
ORBC,4.230177675212008
DIT,71.53542611481274
TENX,1.2789335840489904
STK,22.39470581334853
CPST,3.656073511554851
EOS,17.08934381486725
UCBI,30.664204793776925
CVA,13.839301015770223
MFD,10.010762768297798
PCQ,20.180390538784806
CRM,165.92588034423397
OHI,40.70911750013561
FDT,53.85159116380967
SKM,23.21173395476174
MSB,22.37861787217259
MTW,16.015384292793733
PAI,16.454776262885527
XPL,0.2800013787609921
ALGT,170.25432524079088
INDY,37.728574395662385
MBI,9.541662864226168
OCN,1.5538832774124796
FL,40.75724739084842
FLAT,69.73048393827662
QQQX,23.18240572873559
BMY,56.15988387505123
NCTY,1.2031469762880271
ASRVP,28.130612517983614
HBIO,3.096643924764313
BDN,15.084541080216844
GGG,48.383349339410756
WPP,63.42683480380631
CMCT,14.298908434899145
BC,57.83221748538691
INO,2.528278463131042
TJX,59.5033566330738
GIL,27.07172158914635
PLAB,11.510691125999855
CMCO,40.4855275341786
IEX,162.46318178392636
NRG,39.54153650642486
NCZ,4.817493542377236
PVG,9.459858964047267
BPFH,11.463008105631982
ABCB,43.025343522749736
MNOV,7.567089795978796
NXQ,14.692845092421166
JRJC,4.857307031932053
NWE,70.64340100999375
FCX,11.352874206951618
IRET,74.00913393742898
GENE,2.0299304587296643
ALL,110.02309989284535
CENX,6.697833614821827
ITW,173.1825760157984
OII,13.486974375638981
CVU,7.262350103755987
EEA,9.113497214293352
PBCT,16.232360266636906
PMO,12.885970151918846
FUNC,24.111825389053646
LWAY,2.020749310262677
BZH,14.983263553025585
DCP,21.390849922816987
GOOD,21.513359878325126
TWN,18.996477099558806
SLMBP,51.14743713418164
IIVI,27.643369605093167
ENSG,44.14780039768115
ADRE,40.982054598575765
BTN,2.626545014092368
EHC,71.0497169393168
EDUC,6.525019513257964
CSL,155.35274239256904
HCKT,15.338369827942206
DGICA,14.487486705405809
MUC,13.807969995059702
SYY,78.62628949213271
FKO,19.862581206250475
SMFG,7.3205864091677615
FHN,15.74569892375156
NBN,21.98618821943545
CZZ,17.484399006194646
BBF,13.663114734072394
PIM,4.627901322573669
ETO,25.827965034905468
TEUM,0.44329919422292796
WBA,60.60041769569148
LEO,8.481190526902905
SPXX,15.677437546512296
GGT,7.747999026580488
VCEL,18.799052608056346
AMSC,8.870264404376986
DHC,7.4133032433305965
RJF,88.36292121165492
HUN,23.05693004058088
VGIT,65.95679413254794
LYB,91.83915715720465
ESXB,8.613686786748318
SHEN,36.55997946009416
IHG,60.23096489429568
LOGI,43.42255728649419
WFC,54.04508212551517
EVRI,13.065479505563747
URBN,26.43604349716423
PNM,48.732599911390245
MMS,74.82282952684207
RBS,5.489311231459782
WILC,12.014377868574556
AEF,7.076729162716349
NEWT,21.712987088946065
PTY,18.048009962373506
IBN,13.777413004752301
FORM,22.928445523808904
SAR,24.791787325574234
KNL,27.02009224465025
BSX,42.5462486458372
NTCT,24.893076362701294
IDE,10.83427732478344
PFN,10.242128135241318
PETS,23.194473198193943
SRV,9.12308795339241
CS,13.350233277819356
MGEE,76.25482641030473
LIQT,4.999302311216674
MBWM,35.063685627510814
ONB,17.960842505520077
SRNE,1.5828029546880282
KALU,107.66627791029282
VXRT,0.2977173882664299
TRGP,37.16839137862459
SGA,29.450174817964232
TCO,32.14004733081219
FISV,115.88368808167976
FVE,4.906793886656169
FRD,5.980803643238339
MUH,14.821308769330052
SASR,35.26780392762991
M,14.68211462449082
CEA,24.8460729885345
GPI,101.98035148982855
CSU,3.6859383878538456
MAA,135.33080855645753
APEI,25.71919877704329
MANH,80.69242512070669
ELTK,3.7879485365139853
IBCP,22.472067628866938
NSC,194.17010506362604
MQY,15.039830788141197
ELGX,3.1143065155324736
FC,37.33207349111385
CREE,46.57514050054016
SAVA,1.364621578279377
SNBR,48.90113823691391
EFOI,0.4246997383212324
ETJ,9.085012758286233
OI,9.551882819616191
SSY,1.1321894245314206
WLK,68.76877934738707
CLI,20.87443453715432
KYN,11.985644153796022
NUS,37.63106872606482
UTMD,102.1775408810834
GERN,1.3381247998154187
MED,81.8438001801485
BWXT,60.89862247370579
LEDS,2.280975096682604
TM,143.50690527080087
PSCE,6.241666866667843
SEED,5.218190894302469
YVR,3.2042940400992377
AME,98.59277263452968
GLU,18.26249911006475
SANM,31.97531753993546
CRESY,4.714135455371703
FTA,54.22538576420207
GDOT,25.028410102904278
WPRT,2.600745191179643
ABUS,1.5625372122616952
NXP,16.11866167303098
CRUS,71.22433169089386
JNJ,137.47172653079525
GMO,0.2723415097679473
AMOV,15.773003758402469
NFG,44.636954505662345
STFC,31.434713665096233
AFL,54.13155875532379
PEO,15.737716357524638
PNBK,12.263943698406699
IOVA,22.24714380486055
EXFO,4.362884752012433
NHC,86.31438426686219
AFG,108.32619248780018
LCUT,6.456742100616874
ARGO,63.32815512272514
SLF,45.023884151856734
MAS,46.57710107574155
FIZZ,46.58939192880506
GCO,36.83952443200164
CENT,31.620273690143534
RTW,1.1645574848399305
QABA,49.79809254119513
SPTN,13.115723268612854
EAD,8.073279739441874
SBBX,23.491448086049143
ODC,35.07769774991227
TAST,8.127793186301691
KBWP,69.8511535751908
EMF,15.017236620005333
LH,171.14311201811432
SAH,32.58121374967629
WNS,62.7988987810236
BFK,13.78463129855135
DAIO,4.087559079113886
EMN,76.30022271986614
LHCG,136.06432273036168
NDAQ,104.49272673219124
FFA,16.03324729521029
CL,66.70846898947875
SEIC,63.5448348790673
SSP,14.528484133720777
PCN,18.66029159747531
BSRR,26.9850139715451
BXMX,13.369015002699049
KZIA,7.545596546229645
RMTI,2.2567826839906053
IMMR,7.180416474187218
SINO,0.544763019070072
STC,42.45193590888861
ALX,319.7928329891032
FYT,35.844808812185505
TGB,0.4089167403177288
CRH,36.717337723995975
FTFT,0.5658924573861794
NVS,87.9038673439399
SPE,13.70230172890001
WHR,144.37104447779933
MCD,192.218180738794
RAD,9.985185562240328
CII,16.39209755249411
ELP,14.174836323871233
OFG,20.470473435188268
WRLD,96.83808603230807
ALK,69.29387374486436
FDEF,30.473527410296967
CCNE,31.426433812242834
KOPN,0.5100164594824582
FRPH,50.82407372374347
BFIN,13.191730221332508
AMNB,37.27848539271655
CO,4.747941212729895
VLGEA,27.071808320970668
AU,19.260928007056123
TARO,92.28910304300481
BLFS,17.098026017205083
BOSC,1.9215028554392648
IOSP,95.59722352421375
AVEO,6.300101474436763
RILY,29.27567129041655
EGAN,7.880376189605515
NJR,42.569579352375825
IRM,32.69217156993311
PYS,18.491995323062543
UNP,175.66973672549622
ATRO,29.26732895951147
PPR,4.749682441001616
FEIM,10.280862934104807
SNE,62.156713685059664
DISH,36.610731617804355
ABB,21.089867800322935
HLIO,44.37609634925943
RMD,147.15426152168604
EGBN,44.840215111607485
EMMS,4.403874040002492
BDL,21.840723676786777
DRQ,43.47296310338994
ELOX,4.949314237273228
STRM,1.318162659233499
AMD,40.110170581267404
ADSK,169.5256185107286
LBTYA,22.644088496258885
SKYY,60.48570156839637
CBRL,156.09131338316976
ABC,90.84992264073651
FTR,0.6915096349782256
BKYI,0.4493187112430314
CHU,9.108013038482182
MEI,36.356354392107065
MAG,10.050002726988712
WTRG,43.59048618989003
EPAY,49.037915218696924
FAB,55.53365660132651
DLTR,110.04457406298064
GALT,3.1211563017159345
WTFC,67.14342900005467
DDT,25.724146984201045
RGR,44.53338420838552
LDL,18.566325477213447
ULBI,8.470395012514826
OIS,15.796008040999633
XEC,46.350875542885554
RUTH,23.208081554208785
AGD,9.760008685692089
CLR,31.27554025638083
CAG,28.868759375001915
JCP,1.1397851596048805
CF,44.909907544281616
TPX,84.67615031712202
BCOR,22.364852965732496
HBI,15.052368308030056
BBN,23.305172535268348
PMF,15.111912553671951
PKE,14.85156099430611
GENC,12.560520200955624
TEI,8.794848944818343
KGJI,1.5255714595289842
ROP,359.9001406607505
OFLX,92.96304445734877
SIM,8.725013803762277
POWL,39.74473475363765
SJM,107.91096744334187
SMIT,3.4186723664035643
PH,198.76031409202398
LPLA,91.76487965069228
DHY,2.463244228173382
BLNK,1.7007255320389367
ZEUS,15.368658228238495
CPB,46.937662559113136
BXMT,34.56154415974981
CIB,50.6493668918323
DEO,159.51844038304588
DHIL,138.45117588619985
OLP,26.070906119490964
FR,41.57082700218347
COHN,3.8909033824131662
FNLC,27.755067292654907
MTN,236.93160800600774
G,40.03594298945906
AIR,44.530743497008274
APWC,1.3075378596996197
SWKS,99.32197424827334
JOBS,80.7607893183373
GFF,21.758592975221525
CEV,12.932879627132248
EVM,11.07758011386298
EDN,5.271152237545408
UTI,5.484245064019334
ABT,84.24603154058457
HFC,52.323792884756266
MDGL,106.99309230496726
CVLT,50.37738888949377
MXF,13.17811773493427
HIG,61.471989319769534
OXM,71.12912791757222
PKO,26.939358252709344
RNST,34.526854235270775
HGSH,0.8060403566395108
VNDA,16.452974466682036
VFL,13.014989194671188
CHDN,129.892645492742
NCV,5.421844379923242
MWA,10.989222154369955
GNSS,3.460510982940601
NEE,234.04169621672727
GIS,52.46744172783178
MAT,11.828956367718504
SAFT,95.2046283269308
JDD,10.620079401399266
INTT,5.730028045370634
MXE,10.834756441217813
FIS,136.7733528120793
BAF,14.205999771440826
EVBN,39.94642010457128
ARL,13.09156033662463
NFBK,16.787249626759472
PXD,128.6940376113542
NXPI,117.34145879254625
PTVCB,15.883464498692728
NAV,32.52786463070114
WEYS,22.735597229314845
NTG,9.83526976193841
MCHX,4.029944631471671
SOXX,231.8492760897273
ZIV,69.19189237119238
RST,14.843960832818903
BB,5.6355346558228305
JLL,167.37138127946514
AGYS,25.44225207578329
FN,60.80293717169019
VSAT,73.71419848862281
ABR,14.791523776905187
ERF,6.249483261925983
WETF,4.923405131830053
DCO,49.50519709393329
ON,21.255136895786094
ALJJ,1.130717525878005
BZM,14.410258092327807
PID,16.101424688363878
ATV,17.842584242561955
CACI,233.9384126498701
STPP,25.982807000175725
SBSI,34.47791222911392
KGC,4.274365656222464
AEM,59.72559548786939
AIT,63.65830232927925
D,82.01505059537028
CVCO,194.9630006784555
DHF,2.9557856412874712
UTG,36.30995044457599
LEG,51.841918888699006
BKSC,18.71774692388659
VLO,97.12026308306451
SPRT,1.0248149205027304
EMCF,32.00918303994297
GASS,3.43934793130438
DAN,16.646780608051554
DCOM,19.67272150900918
NEN,61.7315527001047
GSL,7.689073728722074
EXR,105.1964078467216
KAR,22.05515580270248
UG,18.863020861916915
OPI,31.926865746705545
NTAP,61.415331495513804
KNDI,4.9472881774948405
ITUB,8.41682037765277
SNY,46.71383985445064
EQNR,18.952256428358066
INS,43.04190374793052
ALSK,1.7973178264266956
CERS,4.298884211986561
CGO,12.497892255577128
AEY,2.193452462443804
FMN,13.934910678822622
RL,106.71481694305521
AMP,160.4451190418025
BKE,25.604235176175656
DUK,87.10789073375702
CNMD,114.22592278655404
EQR,83.9839457429254
QTEC,94.23183999751781
CPK,89.93831276934736
SPG,146.88553913554367
TITN,17.91010614866992
IX,82.91589422833965
OGE,41.883828424679784
KTOS,18.822085135733143
MUJ,14.014666923355492
FONR,20.060876888491247
FDS,261.9632027806868
BSTC,54.135259739031895
ENSV,0.2031685953437151
ENZ,2.822660875808836
TIVO,7.398166901969837
CENTA,29.666653662076765
PDCE,23.152694501098818
SIF,2.4715309644253454
WIT,3.6530031603620303
MYD,14.39959555666491
TURN,2.1498138654646723
MSFT,151.81782593381587
PMM,7.778515332652937
SMRT,0.7585661285374471
NP,69.94195099570818
ADX,15.495785314388261
ANDE,23.234770677665036
TAL,44.50216202719696
OXSQ,4.921865722462966
SSI,4.4393818976613115
WVVI,7.04507492517729
BSAC,23.49854226954669
UNTY,22.194192055372966
HR,31.862278838354214
MNSB,21.99643828519195
SHO,13.164668860488185
CSIQ,15.133165308743784
CULP,16.12861496053024
TXRH,58.10728633912869
JKHY,150.7944355388097
ISBC,12.028408325722156
ARI,16.851794188845684
MLVF,23.1650565826776
VTNR,1.573643079934583
LAMR,81.40489873896777
SHV,109.88205601074786
MYOS,1.578091949120326
MNTX,5.442014296748951
NMM,17.428653743145983
HD,220.09344571438015
HSON,12.156087846528337
OTTW,13.609872931637831
GROW,1.5514033474082392
NVDA,218.02860896260424
NBB,21.312290005967878
BR,122.00660810654874
AVT,40.03424465488074
CMO,7.300728913052844
LFVN,14.896695264054733
VVR,4.104498786824905
HHC,109.17370680493642
GM,34.80939166761924
LEAF,3.8711479096117314
IHT,1.5414240923308624
CCK,75.12773078389696
VOLT,2.849250661749292
HQL,16.532403491505573
JHS,14.364359373597278
LNN,88.05102240431711
V,182.08756188197052
NWFL,34.45399347105973
ALYA,2.4836131865220326
URG,0.5938656706265237
TEO,9.382095372078604
WBK,16.931995564676388
CPIX,4.748617780878843
TV,11.219446070743018
DHR,145.1276093107111
PRK,100.52249270209455
CWCO,16.07332447891515
PFIE,1.4396186798126602
SIX,44.79985239135206
CLUB,1.4985825987402026
GLRE,10.40372673404037
RY,81.6452591503046
ECT,0.5927322425241677
RRD,3.4520156064620475
UTSI,3.010072709606144
WTS,95.8442722185736
DLB,69.45024666640276
HRC,103.58905479067172
CLAR,12.236196435627116
PSA,207.07921677153692
QBAK,5.783067821120638
SYBT,40.6587708864526
MUX,1.2421282634419766
GNRC,94.67680103910898
SMTS,1.3935730986508141
FARO,48.997474500644834
BSE,13.496136502462003
FNB,12.239053082071287
NMR,5.082969738707846
HUSA,0.14531736562710265
ISHG,78.31268358316134
WNEB,9.812720144081155
CAPR,1.7690515811956706
RMBS,13.368353836541889
CCMP,129.53248203299887
DGLY,1.128390104844171
LBTYB,23.65821731046343
FCBC,30.826368594413424
EVSI,4.642893334533996
NWPX,33.7193439599395
MPW,19.430973763951844
VXUS,53.413837390819175
ANGI,7.603924136049099
AMG,85.20410882521229
ICAD,7.186497463143874
VLY,11.619860727172803
UFCS,42.81977745214036
EUFN,18.48617281509447
GS,219.55049630544863
MTOR,25.07883461151644
MCHI,59.03913302536048
III,2.2128607462877508
FUND,6.769931825125374
FFIN,34.40584550255442
SHW,582.0099008105685
SOR,37.935778789316934
PNRG,148.44789995807974
SALM,1.4249246264625084
MSA,124.26230101505033
AIA,61.30255549899388
AAME,1.9210327156286962
CYTK,9.638415682925025
CPSI,27.545067768098207
HAS,96.21484928420142
SJI,30.03293862289212
IBB,116.49875492267442
QCRH,41.60656050158237
SPH,22.1716370910941
CAE,26.535312544266787
STN,26.162024711099452
USNA,72.44663655750628
LDOS,89.38547739862047
ATRC,29.27901982032852
TELL,7.48055133963023
BXP,136.03748279988815
LEE,1.8655425649178867
TX,21.9617921490457
PCOM,12.325917289153077
TRP,49.69974737371561
UDR,47.64333526006803
CLNE,2.0093216229491975
SGB,20.52981283019858
UIS,11.239990347012322
AXAS,0.24494255815637828
FBMS,33.542135871099454
DIN,76.74996809559363
EFR,12.488018031362602
TKR,52.66814918139572
RBC,80.99951947473976
SRDX,40.76880176663316
FCCO,20.525189610186157
FDX,156.40245653295514
PFG,53.90939032265989
EVN,12.714416225808563
MEET,4.9541261823557825
HQI,6.423794934780972
PMBC,7.137582318276317
MNDO,2.112737055571528
BMI,60.29354644050015
STKL,2.715590816009694
ISR,0.4182039979282244
BCBP,13.111323281650545
HELE,156.86084777856442
ADS,104.98311857819274
ASG,6.088673825144202
DXPE,39.41923573389509
IBM,132.68682360383883
PYN,9.543515171659479
STON,1.175734396005087
HMSY,30.89423285084518
CBIO,5.714056334047216
AAL,28.8517733221013
LNC,58.53291502351119
PHT,9.110974854121089
MCS,31.2925480462253
ZAGG,7.748765980603778
MFC,19.245468791402544
HPS,18.657286073142224
SONA,15.713337235568915
STNG,34.23580102026157
PZN,7.952271800396649
PLXS,76.27600947946479
ETB,16.19824018747966
PFS,24.216693068533324
GGN,4.074501932608761
SMTX,3.1061147972850303
GV,2.6243583557084262
IIIN,21.352235962079554
BHB,25.83099617137878
FYC,45.36470035861758
PEBK,30.180860570664642
APPS,8.46611406250976
CAT,144.20352285748444
MNE,14.278642177412857
NEPT,2.8214060719989673
MZA,13.698567411332641
DECK,162.37633649790007
USIO,2.059126425393405
HMC,28.38272185044648
KRNY,14.102080914568363
PG,120.43153946504002
POL,31.553766051570495
TAT,0.3737893728144463
VGM,12.523384179750682
PMX,12.567082522506103
FPA,27.516073869601573
FLY,19.435541486718076
CBT,46.448388179721576
IIN,19.38092917621711
MGU,23.200311715682513
NNN,55.309048445801274
BECN,34.02969692576052
AEHR,2.0609352509646772
SUMR,2.8478761391495686
BHC,28.42260771270331
CNR,7.063770844017688
DNN,0.4382540449220905
DHT,7.061735152332146
PDT,16.63880488076517
CJJD,1.3184833969438614
KBWD,20.628906308295377
UNM,30.108786408966143
KFY,37.36178797955307
CNET,1.1964248926176746
SQBG,0.40354117388616884
THFF,43.80676471965298
GRX,10.78475436667703
EIM,12.728814730509205
BKK,14.984801720222583
CASI,3.427709849408988
ILMN,321.525747072517
SIG,16.15555566979244
STAR,12.429437363338147
CCJ,9.407091200351626
MFT,13.119906315457152
PHX,12.522721373876609
TTEC,45.08133429554073
JRO,9.301658282367693
AVXL,2.3703523348279396
FUSB,10.479003504598932
BRN,0.3698096790603266
MMSI,28.06894848729372
GBLI,25.814768970311825
BITA,15.345769879002136
CIM,19.083470892110746
FSFG,67.04839674544988
SFNC,25.040668452705454
HVT,19.7517417763777
BCOM,1.6504979344081798
IVAC,5.913471577808997
NEA,13.918776778443965
LCTX,0.8626552718596177
MKTX,401.84733536415126
GSB,8.258500695938553
PDEX,12.344563990897615
TVE,25.306959937881096
AYI,128.4812890603524
STRS,29.314099359100204
PLD,90.06486286697283
IGOV,49.95780530925853
FORTY,72.23503342829048
CFX,33.335591563524524
WU,26.496092351572678
NPV,13.959130618706556
EXC,44.38764719780207
HAL,20.513757945704654
QUAD,3.89281877304192
GULF,19.556777081124586
SWM,41.16436598397723
LUB,2.115522904961766
MUR,24.287635737314865
DDS,73.54315132402175
IGI,21.561102309467195
CTG,5.751378204643868
OSBC,12.64314898094219
CYD,13.520473068686346
UAA,17.633299167923848
IMOS,23.117284058263415
AXDX,16.22802165264886
MFG,3.1503544599576756
ATLO,27.70856783489514
RGCO,28.014424625635655
MARPS,1.981362856230173
BBGI,2.82264409152486
CWST,45.03356341620193
BOOM,45.85707752730018
BSD,14.024151792813463
EQC,32.53068422388685
EV,48.09026683210409
STM,24.117196876503243
EBTC,30.44668826096148
OMER,14.424729694363336
DSM,8.443033605779785
PRTS,2.344305373493985
PEGA,78.81606646715123
EXLS,69.7547915083148
PSCC,73.95802144070869
HBM,3.1915227114874707
BXS,30.962443332345234
CTIC,0.7646664583696644
TTWO,122.73334631806843
CLH,82.88066523393395
ZION,50.07494560199358
WLFC,61.314014243323385
CLSN,1.3837582141623213
DVD,1.8729963803035945
KEX,84.05195842539115
ASTC,1.7382276250424062
GEF,40.70944880055782
AHC,2.9886972581786906
ITCB,6.756153022563285
NTGR,25.007646269429358
PTF,75.32914097335318
SFST,43.184251765621774
SMED,3.9790418697315317
CIEN,37.297254844064405
RQI,14.106863374566904
FMC,97.44614135807308
JSM,22.377995207372244
PXLW,3.144182575735482
EL,194.4251392173393
EGY,1.717069544384594
CVBF,21.150102454246262
EW,245.78962398873097
MS,49.437726065441815
CMD,75.85775342175873
TGP,15.194476214438692
WDR,16.06192555403299
EDU,121.48672096470865
ACC,46.42031373731632
ORN,5.44882562520815
GHM,21.800937409158966
AIV,53.51351101432932
PAR,30.50622691698599
BHLB,31.61451082011556
TECD,131.11099793141503
PDS,1.0323541750102154
ACY,4.793176505313752
TSRI,3.3025293057750935
RBCN,8.468930997437058
AI,5.508296767347738
GYRO,19.616435710606765
BA,374.544630570114
WMK,39.34891483212164
TUES,1.6210320873988606
PLAG,3.452865939797147
PWOD,30.728395477155182
JCTCF,8.065341414232218
OVV,19.425888540596553
SRE,145.5924858919567
HQH,19.903920103575103
PODD,179.38442839646495
RGLD,117.23598919067855
SBCF,29.634988121292242
TMP,86.81974913788112
AMRN,20.96683139443361
CYOU,9.738057024016465
FICO,361.8545199002432
ISNS,4.703671429746741
GSH,15.6945127655226
IT,159.76827378144588
RAIL,2.1819244465315926
SBFG,18.45360889323229
SBNY,124.16330082586812
GABC,33.674875256999684
LARK,22.729227251400538
EZPW,5.094235286822908
LODE,0.3943733975139401
CIVB,22.007686467580193
MGYR,12.353057480843988
DMF,8.712924067080223
GEL,18.536532649657524
STRT,23.20372227337552
TROW,120.05166625330556
ST,51.71592934298745
NTIC,11.977998735877785
CTS,27.140524577555368
BRO,38.22083099234189
HPP,34.82773923742412
THS,48.48546171332564
KELYB,22.175176089105026
CXO,73.27408914286231
FLIR,53.39460884984063
HEP,21.96358799037784
AEGN,20.974418068785038
OSK,91.61880173688044
NOAH,29.17821251731626
BFS,50.896152941083464
TAC,6.6310504500223235
JBL,38.8203624534688
KFRC,39.147290949789934
MGF,4.468699992700502
ERIE,174.52660864821163
CARZ,33.706402853314096
CYBE,17.875343724070916
BNS,56.24267621555384
PLT,25.5295144768067
AAXJ,69.1515147156173
OXY,37.69858802146995
HTY,6.595625165694189
CARE,20.488386663054797
MYL,17.580553090590495
BBDC,10.077326147928627
IID,5.253798226962699
OMEX,3.5388838824264806
HDSN,0.5929651333961393
PHO,37.041837434815285
SFBC,36.18386135568636
IAF,4.939891537290066
CHE,432.47200028285573
ALG,117.06826094458414
RGEN,86.2595161133344
SMBC,37.59377093012697
TMUS,79.45506249641677
SCX,6.046221354131671
LYV,68.73093245940896
BLRX,2.725288292058299
USCR,40.78410226741435
HXL,77.89245557741486
CNK,32.446380147438006
CATO,18.034694142097333
SRI,29.257061320658067
CEM,9.864906497868699
GBX,28.78702433032794
ZNH,31.24495923414356
AOBC,8.506583302384382
BDSI,6.2970066435309
SP,43.45036877913308
MEOH,37.092877065988375
CIK,3.093015184696958
MAR,137.1391823499758
WHG,28.94959710593225
AMED,162.95582863330796
APH,102.37996969946231
ASR,176.0861051394332
CSPI,12.776128127297927
MKSI,104.36441192018242
BCPC,98.9227521668517
CMRE,8.044396018722333
ING,11.752813666947528
ANAT,118.07300550625246
TU,18.376113603118633
PLCE,70.17032153093136
NKSH,45.66488112481995
UONEK,1.993172533063234
AJG,91.90612611105902
INSI,20.07989818154299
RDI,10.884264041423778
SWX,75.36889807649608
IRS,5.508233803859278
BCRX,2.339871346909458
CBAT,0.6007229124758173
MOH,136.83812645491355
GPM,7.597840294532695
BURG,0.744209783341669
OSUR,7.90411705895518
OGEN,0.5713368477982966
HSIC,69.96922433497673
SCI,43.44169175584149
SLG,83.22736371823561
TCCO,2.2163749895479077
SNA,159.26872096340804
COHU,17.907108839853866
FEX,63.24226837327708
JPM,131.18796110346275
CCF,114.69851191756213
GLW,28.954492150698282
ECL,183.39911887890673
NPN,14.011486749206849
CIL,38.963391017968455
PNQI,135.98591762099704
AVD,14.813231508204908
GSBC,59.12956778334104
EFSC,45.00035284450922
RBCAA,44.91319590301046
ARC,1.147380313294596
MYE,16.047958199444473
CET,32.00126660790514
BAP,210.27102221265915
ACHC,32.746068054380515
WMB,22.305727240016118
NXN,13.53711275252455
AZPN,121.4467243498939
WEA,13.899183364908374
INTL,39.647227273368706
CNO,17.814534871444287
AMGN,232.36836439451108
PIO,29.353479864822305
SJW,70.14109929630945
TDI,27.26406144237481
KDP,30.334449564104823
VCLT,99.95727173332301
WW,42.386517529404884
PEAK,34.26984485409916
TA,9.241866098986245
LNT,53.47848724811827
DSU,10.59982369884433
LFC,12.965901705955277
PBIO,1.546144464244324
APT,3.3661837811850157
RELV,4.015646784122237
MMP,60.54753031408284
DZSI,7.546716066629695
PNF,14.253573805315224
AEP,91.80617005392983
AT,2.4438264396467395
AXR,6.275939134469005
MPX,14.860604015874681
RSG,87.5213987815767
FCAP,65.49821209905356
BEP,44.807718154154166
PCYG,4.446336588788729
WOR,36.93108769973747
RCMT,2.8629298201333144
AFB,13.591440750350017
CDE,6.568346523343696
MSON,21.466325090433628
ZN,0.19306788895442734
CLX,146.0968154635976
LB,17.920248637371095
PEG,59.83780214082241
FSD,14.885734811970016
JTD,16.907798101971593
LLNW,4.245316566266251
MSBF,15.170185755068593
NOG,1.8737205680887214
SSB,82.34001640542974
LULU,222.39541970147292
UTF,25.81657393802545
GLV,10.568776158883885
CMA,68.73322007214203
DIS,148.87907245405316
CCOI,61.717592574083824
CRAI,51.09326652567516
CIDM,0.7521823583113225
PFF,36.653724085867154
BTZ,13.321518943613755
IQI,12.352196243085874
CAAS,3.102643257781013
NWN,67.11543801092388
THO,63.7989071680247
BOKF,82.80327753297865
BTO,34.21693550926
REI,1.8523470434925782
PKW,66.61530940647036
HCI,44.89528700916635
WWW,32.47865391779074
TK,5.093385787035968
ETN,90.83197939247287
A,79.6877040076782
NCB,15.835844907090301
DORM,72.62401685417146
MHF,7.565689733630987
WY,28.592196417817913
SNV,37.43312092190712
AEG,4.560963854118361
FYX,62.20465209461938
STCN,1.4345338771462584
DYAI,5.8795028575964405
PPH,61.3340591540121
OPK,1.6345004715273759
RCL,117.99392729251727
POR,55.052681202666626
OIA,7.619055962535862
CRL,143.21368405615792
FFIV,143.93069511034403
NGD,0.7974254339857827
SIVB,234.86561794062007
MUFG,5.316277522383082
AIG,52.66889416545206
ALBO,19.35815285582772
OMC,76.74089942263271
PBR,15.257919911738783
ATSG,25.02119230477476
CI,205.23143022152954
LEA,118.63141311010727
GJR,22.331391090110888
MPA,13.949667557074903
CPF,28.913571459774786
INSG,5.0417622974450245
FMY,13.720765717274569
FARM,15.512324001334546
FTNT,106.39670128271855
LPL,5.707871412563575
NICE,150.99249560169284
TDF,18.002595010728708
AMS,2.403973101224255
BMRN,78.50663933563996
HBMD,16.786760492091517
PGJ,38.785177950502366
RDNT,18.739486020213747
WLL,5.170693551001662
CORR,43.23860178522972
GURE,2.754813416938717
CMPR,130.26957457836897
RYAAY,84.6456756592619
VRSK,146.8163085566448
BIMI,2.963170963761602
CETV,4.554808905438861
MMC,109.04789020033573
CRMT,100.77194549768218
INT,43.239285483033555
SO,62.764632606184996
BUSE,26.60191631692406
UBSI,37.35264640654145
BDX,252.5568402390112
INSM,21.67134409373213
BFY,14.135042012989743
HL,2.3667833468066344
HOPE,14.321780030696676
NSSC,30.363459770125203
QQEW,70.5939068272746
AGEN,4.069807168765764
AIMC,33.10405138062241
WCC,53.64919699227816
FIBK,41.42456480800098
USM,34.05264545744457
CIA,6.914263063290686
GRMN,96.96971273889129
RTIX,1.9175107084256116
WBC,135.67485345295933
HOMB,18.580722256779143
HYI,14.903605343490495
ORMP,2.588849284803072
CRVL,80.60255106174488
FMNB,15.192615798507441
GRVY,38.827958669036285
TLI,9.256379578103875
CTO,64.00508620392624
PAM,13.948604011107136
CLDT,17.563459376555528
DNR,1.0018676156171675
RAVE,1.8615813733010036
AGO,48.9319686792997
AEL,28.98867637580516
COP,59.5576204289449
WPM,27.27767524141092
MTZ,65.99985867483691
BBH,138.47042370268747
MOD,7.5681561433448845
GDL,9.10053002794135
RIGL,2.3372000710328784
CDZI,11.506218797210705
SFUN,2.032791102526869
VCIT,90.46619520643378
NMT,14.299800977992799
MAXR,11.483199823817804
JAZZ,147.76030491964576
NEOG,66.266165987839
QCOM,82.6519642416684
DTUS,33.10465000849145
EGHT,20.41706265519185
SPR,91.44507186261491
GPK,15.986380307254342
ACM,42.95373622648935
JFR,9.294692327377465
WABC,64.96674463355562
SBI,9.067127856378761
AMN,60.672444977402364
TFX,353.2023213020169
VAC,120.13673090747298
CKX,9.495589781036879
JKI,161.79520923835872
PESI,6.905516665909262
KOSS,1.6683836353807924
SWK,157.19574466435154
DE,175.2510715759613
GEO,13.78062076771918
XRX,38.19801117785539
JJSF,186.7174792151078
TZOO,9.609590744349562
SLRC,19.452640590209732
ACIW,36.57321221240721
ATGE,34.540008499911714
ROG,131.38076156158763
AFC,25.444932601602847
GWW,319.74059388253835
FTRI,11.43590041201242
GAM,36.32774953951901
PBI,4.605443711470073
SPAR,17.116118260944504
HNI,39.21036613021515
AVY,129.7616826622874
BFZ,13.357799146171017
MVF,8.933216601491763
HIMX,2.2519583561149217
KRG,17.98389738630889
CVE,8.79766297776433
BIDU,117.24824869446603
TRNS,32.89912559930192
CBB,6.3515090352798325
QUMU,2.5965714691271615
PCK,9.591508434738596
POPE,85.26378915152736
ADBE,305.9566275582975
SCHL,35.70302439421576
TAYD,10.550730550059223
SYNA,57.73667318463973
IKNX,5.254223751272552
CUB,61.669257599518495
FSS,32.432687031196714
UTL,61.11644746646897
RVT,13.770077826827603
UTHR,94.29238463313166
NTN,2.663385068753584
CHSCP,27.393113901765382
RCON,3.308248547288795
STND,28.87936382871252
BGCP,5.6267537186232675
AROC,8.590581002457771
CRI,101.2892498885949
CYH,3.2657333509175492
IART,60.004081171977795
SCVL,36.47946277767199
GSS,3.0781270966934065
UGI,43.44691174075676
PFBC,54.47754981583904
KMB,132.57386354844454
ERH,13.705939231432861
ESSA,16.976671911600462
BIP,51.55502016871748
PUK,33.15923420807678
DKS,38.70689791910284
EVR,78.01001343273063
MTEX,15.793422391317595
SCSC,35.2411278488638
GTE,1.0017988073624144
TNC,73.52754023498113
JVA,3.984490945905037
WCN,90.44007646929263
AEIS,62.12442540154232
MTB,163.86420360509192
MLP,10.776732396101835
HWC,40.61404108133196
FF,11.081681963586957
ENX,11.917074476912246
ALLT,8.719117169110607
OIIM,1.6327036826674262
SNP,56.209633629293215
TNK,20.24673776746704
TVC,26.027004292232167
INVA,12.677292097848808
XIN,3.761687688821224
ANSS,248.94161572490725
PFO,11.963377740368937
TIPT,7.433914813751347
CLB,45.76231357346703
HTH,23.90708323915876
CHI,10.528641056094704
DEX,9.656100527357754
JOUT,63.28827633477092
UAL,92.69146689934347
EQT,8.90787349271608
F,8.796928107809407
FSBC,17.113975807414846
PRSC,59.740370690954265
WAFD,36.54723738000635
QQQ,202.84183089392016
AE,30.675923566027986
UMC,2.3778699144741733
SLM,8.740824749793365
BX,51.55876345312958
WNC,15.499166030750404
PPBI,32.169000045641745
JCI,42.41323903605734
WWE,61.247335123028854
CPAH,1.109923003024681
DYNT,0.723489983135077
VIVO,8.983126450825752
IEI,125.65230405825442
BANR,52.92683508954657
PCAR,78.27534946501058
VRA,11.450307310032292
GBCI,43.485461559897175
CIF,2.5962949077259037
KMF,9.410450536957145
INTC,57.814961909139626
MBB,107.30745580022143
BBW,2.832862743784097
GBDC,17.433840211771823
GHL,17.39175788667246
RWT,15.489961424385482
AWP,6.241710460539131
APEN,2.9636619229943104
GPL,0.4605391102538796
WKHS,2.8080328731875137
ARTW,1.8900933497557926
ASUR,8.633431006691596
CATS,15.597865031282083
LKQ,35.41891451173234
SLB,35.42455599444412
WMT,118.88770801330811
EMB,110.66960070652576
ESEA,3.7252112227380945
HP,38.386373838609366
BBL,42.6411793807374
WWD,112.40873456042384
MNST,59.16453541503332
SWN,1.912542277090154
STZ,183.7756080199569
GORO,4.282756393645675
TKC,5.7832327401382795
BSL,15.847959819791836
BBAR,3.7542228579423806
APEX,1.0950620939703954
OMCL,80.08789836296403
RVSB,7.335594096339342
TY,27.173485224799613
IEUS,52.077683841012146
CAC,43.38755782348168
CVGW,87.4596000222383
OVLY,18.10963916257678
AUY,3.47322701438754
CEMI,4.311352472322617
TDJ,24.748974237501397
FBSS,20.099477912291555
GGB,3.9785198060505396
ALE,79.89772104394471
INTU,263.7941606362749
BRKS,43.88753659322772
LGND,111.07282190649568
NPO,63.07304672510841
LXRX,3.927254739969047
TSM,52.6873621335295
IPB,27.700777867429455
SGOC,1.0345444838249356
DAKT,6.661647628388803
KSU,152.08727541072165
GIGM,2.558306929455486
BLL,66.42940922036118
PDFS,15.49726797900792
CPA,105.14796442630133
FSM,3.0369315033420845
WBS,47.81691623144978
CHK,0.5809165742987981
FFC,21.318288331662984
EOI,15.504522909110742
DLR,119.12424595774736
SYPR,0.808625673481145
PTC,75.88670726641787
TEN,11.91131406330689
CWT,50.29322352855439
NTWK,4.180358481523536
BLX,22.35301573330328
PSB,172.12409718802817
IMH,5.909078750350684
FDP,31.711893385406213
MOFG,33.970616497002545
BKCC,4.537023136659489
CBL,1.312212438145068
MET,49.46249633863282
NCR,33.55638923045802
GOLD,16.406807234232073
GRID,51.72025811772447
WRE,29.90831102915592
SIEB,10.983259397695075
PGP,11.343355508803809
DO,5.6085173187929485
MTRN,58.23304691898207
MNP,14.86099639225334
OMAB,55.26234072940206
PLG,1.3186808584335978
UFPT,45.19426530031742
PCG,7.651123873056519
ADC,73.15542668684466
LRN,20.1475652433341
SMTC,50.2315916358002
MMLP,4.429744824267303
LGL,13.564191045438257
SBR,39.460824182179074
TDS,23.125144666461207
ADM,42.72672743772261
ATEC,7.58733279024227
PDM,21.117868588458716
PHI,21.357029742909585
WSTL,0.86674825052
NUO,15.357754124179065
DBD,7.738338539255921
EPC,30.65650771433297
JLS,22.109489185240193
LSCC,18.837124726930462
ATHX,1.3661332362047192
AGX,36.667170960981075
BEAT,45.22712450246942
IGF,46.4090554294335
NMZ,13.999738961420569
CBMG,17.732236108208987
CCCL,0.7383100508468959
HBP,1.9095970847811277
SPWR,7.3859043701855045
MMM,167.85446314917192
TDG,541.367937209026
IBA,50.057455866144984
NS,27.61299675095
ALKS,21.257160451245664
HE,43.77349242174839
HNP,19.39949882246328
AXL,9.735142866772946
PLUG,3.47567795412437
PEIX,0.4649746807203739
ECF,11.216834920949251
BIF,11.408251855708478
GRFS,22.226754145187055
DNP,12.559434750588814
CUBE,30.336990426135493
FJP,49.770794547713066
VHC,3.9834053165278966
FCCY,19.64490630499117
BBD,7.960653515731142
ALOT,15.115904980780627
AXU,1.6135954339964964
FEP,35.96343073608087
FULT,16.85257489819657
BTE,1.1234375545927926
DGLD,31.687754192789072
TAOP,0.47837284784712797
CDNS,68.0649674209155
LUNA,7.202462456230615
CRWS,6.446209047954672
DTYL,85.80820182005647
STXS,3.8781112945999023
WSO,177.87960115133757
MCY,47.48804353560719
NBO,12.251051264564637
NNBR,8.951772878232498
BNSO,2.1478802177464456
DB,7.50191345117936
TEF,7.276726340491038
CAKE,43.005317180462846
ACCO,9.008240351447652
BRKL,15.800282865072923
UBOH,21.938453016645227
WLDN,27.798200032805983
EFC,17.305878739241383
CEVA,26.26340383553116
BOE,10.426588316698567
IDT,7.097527143760296
MQT,12.826083723348212
ICON,1.3768688721501794
SCHN,20.97486382726979
BTI,36.82920229221406
COST,301.60220091613735
OC,67.43785512088706
MCBC,10.681807394075271
PNFP,61.297016417812635
ESLT,162.52177505426468
SVC,22.239558157593898
ISDR,11.441616295411187
BWA,42.62313897426901
JCOM,96.14905354852267
EMIF,30.000374998309773
CGNX,50.59185227487996
VRTU,44.54126533281797
LFUS,181.27539303892303
X,13.618793455240402
PSMT,73.23126508781756
TLT,139.02454974678847
CLMT,3.2481070889108157
PNW,87.36290670352712
SRL,10.110116952305294
CBAN,15.752613647241889
ITIC,155.85089033136785
MFL,13.037390957068316
BRC,57.28072923739199
MHLD,0.7986880417622617
CTRC,2.6097442837337113
KOP,38.230831271156674
AWI,94.50393157411388
FAX,4.154317975860455
FORR,38.59996808444443
MSTR,153.55292232889298
NKX,15.023393758362609
ASML,271.56540065527656
CRK,6.640236588179483
BDGE,32.69620900534036
EVGN,1.4458628547693815
EIX,70.35185201981028
LEN,59.51700382773161
PM,80.22487218014416
MVT,14.378640437046066
BIG,18.99256566167745
VRTS,117.25679685997471
HALO,19.318709366400252
DRRX,1.930084467404807
MDT,111.16092128546934
PEZ,53.55583709615614
TRN,21.360546304839776
IGA,10.13559686748299
BNY,13.742710261794825
MHO,43.721012931525735
ELS,69.90329424723366
MRK,84.92772756306246
FFIC,20.766928028791135
FLNT,1.6928835750647688
OFC,28.146759922222508
WEN,20.927187924899698
ARW,80.2982847218091
PW,8.38203272887041
VNQI,56.73248269402846
RIF,18.951077033639763
NAN,13.839238005874149
NAT,3.644280793517736
RICK,18.764702630261322
APD,236.65965803679052
PAA,17.504027381971046
CDOR,11.01068831018525
SSRM,14.735410458623866
OTEX,43.29131107766437
MXC,3.7361803421935154
MRTN,21.03187578614188
IFN,19.215702030516063
ORLY,444.7761129614199
PXI,25.775522555106402
SCZ,59.699815354431536
COWN,15.334469204602662
ET,11.798420979449421
CMCSA,44.69752071248942
CLFD,12.927515789900871
FTEK,1.0018409190808049
ACN,199.01065042561598
ECOL,54.11032380959263
DDD,8.974080827703755
SAVE,38.83109640953094
EOG,72.58779484451955
ISRG,578.7318764161932
RMCF,8.52102233396453
BBQ,5.0649325131821525
NBR,1.97364381098621
ASMB,14.354390214897023
HURC,34.25475968408602
CASH,34.945890655065696
TRIB,1.0313832829078748
OTEL,11.808662978380976
KINS,7.579984295318652
PSF,28.651065655977593
CPRT,91.3719736477388
SF,61.76165766343249
CSBR,5.5536677873866225
ENG,1.0128272709851858
FNY,46.96280986766361
STLD,32.38462769968327
FCA,25.13420897319526
SUNS,17.234613329301247
DTE,122.33264530496977
CMP,53.25613001788621
ENS,70.15291537038023
VG,7.636139150119712
JCE,14.2270555504708
RFIL,5.944148297776218
IBKC,71.69249160937773
VICR,40.399445386823366
SAL,42.73786351517371
EXP,91.02664493178415
MIN,3.6527754035095246
KBWR,51.20146339201203
CATM,43.13998230899611
VFC,86.21435673588786
KTF,11.31383022335422
MTSC,57.60543522193162
PCTI,8.392813324701471
LSI,109.40591636886097
VSEC,39.36185974378728
GIFI,5.039183029981532
PRGX,4.711493044915931
BAC,33.1275455826479
COFS,31.715212147245904
EVG,13.01836323877493
VET,13.51497121760893
CHL,38.96724699629925
TTEK,86.64467889297786
PLW,34.925978597222624
IHC,41.47992605232142
LANC,156.8234832018135
HWBK,24.21299805027285
NHF,15.776836667676557
FOLD,9.85032200694761
HBNC,18.66581830036938
MGA,54.04887419685322
PAYX,84.85862754259375
EXG,8.473605942531568
SHSP,11.697839304414877
BBSI,87.35977464277853
BGT,12.205593634797001
NE,1.0491752091838777
SYKE,35.02923970022613
ACH,7.610356026995524
OSN,2.8849904796908907
AMCX,40.313923877468405
O,75.66165802991743
VCSH,80.22853905472519
BP,38.00464829696098
SFL,13.390596511471234
HON,178.1500798149211
ASH,72.43644751236577
CHS,3.562873476529841
LMT,391.0872299100899
SIMO,43.71422973609868
FIX,51.025985258206255
LXP,10.762449249379763
NXJ,14.345178529305105
IPG,21.657676899473643
UCTT,21.30489529585415
FRA,12.58130009429944
BOH,89.10962959377723
FITB,29.63036074423476
BQH,14.649711494867027
DLA,27.309401952001085
CDXS,15.532119349892724
FNX,70.36134812407035
UVV,50.72461856908816
VOXX,4.764933369458538
WDFC,190.87919922729876
EDD,6.644166993815545
MDU,28.860500505844342
SOL,1.648408448930812
MYGN,25.656145868296456
PHK,7.420646718861679
COF,98.55695958699005
PVH,100.04931058492893
TRMB,39.90205923122001
EGP,131.59030595766316
DOV,109.65433212581746
HES,63.88694827752794
UFPI,49.68162398305107
AUB,37.80111368240365
IRR,3.6239492637480297
PDCO,19.10435820056082
SILC,32.90242722040339
MYI,13.280475949263117
AWR,85.40386182462845
DLPN,0.5630012574926166
CYRX,14.903400635339036
VALE,11.580203721572314
BELFB,15.903523279078541
AUMN,0.21993073554811696
CVS,75.58296712902006
BSQR,1.2930391046846803
LAD,163.17645130564904
CSWC,19.409542535307672
ARWR,50.60938516249635
ATNI,54.48441382610021
TCOM,32.83071139544252
ORGS,3.247605195074118
CNP,24.615462959823056
OZK,29.750957221003286
KR,27.13269318728438
XPO,84.46372664564777
KTH,32.51680732997722
KBR,29.743744301031395
ETW,10.03360130794311
IDCC,57.31285303655002
PFE,38.22240286577784
JCS,7.034781487502014
FNK,34.71599969620232
LLIT,0.5254885307391491
ROL,35.66983437766498
IGD,5.936653222492766
PNNT,5.5438447589373325
AWRE,3.2909864442703123
AZN,47.50532835388753
HTLF,47.077245980957045
ERC,12.428740631828358
RGS,16.020685454385685
SHG,37.637598115598074
NBH,15.440835844654298
AEB,24.310255285818748
PSCF,53.728609891664945
SINA,33.675773723866804
SKT,15.020092579732092
SGMS,28.76210689387121
ESS,309.1608183350451
CUO,8.44618178971597
HOLI,15.10474128420508
OPHC,3.041009536996048
HOFT,23.140840185604343
MCO,225.22461726988948
NX,18.516690207699096
VRSN,191.09382771259223
HNNA,11.399761879061773
OCSL,5.066264005720072
NCA,10.258787723644817
RADA,5.094968042763471
FE,47.205433923522214
YPF,9.489178712744476
BBVA,5.312703150402091
NWLI,250.79020031990007
EOD,5.219681581864382
VOD,19.552397371526986
FTI,19.008122695115183
SLCT,12.034095806263387
LXU,3.5803083313950284
MEN,11.092875529885763
HDB,62.55833899506506
WAT,221.7295587815583
XPER,18.924039252226486
AAPL,265.36149940080765
WHLM,4.864561157648252
KEP,11.949061223987076
NAD,14.27458276355294
IAE,7.785313633048779
SOCL,33.157225987428745
CVLY,21.787276348744818
UVE,29.298260584859488
CPSS,3.4990028953612926
FDBC,67.30770399477663
GDO,17.222684695400584
OSIS,98.77984966627794
SBH,18.2016460307646
VONG,174.0427432928713
RNP,23.528489317448788
KFS,2.056630836658079
BBI,2.1371087630064505
HIX,6.3722268702032485
VAR,132.95114008067117
ACNB,35.1459651887751
JNPR,25.10267794942015
BSET,14.803307570543797
NLY,8.643660288830478
BPT,5.825020050026894
DISCB,34.35827384010348
EVI,31.089369654550396
EXPO,61.95488978229795
GAIA,8.790274564397565
NSYS,4.21414429321809
AMPE,0.4337916666062554
RDY,39.8192387190176
SBS,13.194391284672664
AGCO,80.14566365299252
NXGN,17.538483837190032
RIVE,11.798899172747943
PENN,22.47090211824716
HMNF,21.064783055056214
FFG,52.8781644504206
HNRG,2.5516529538105868
ETY,11.916155543815004
ELY,20.647982134980808
CRNT,1.976114882182241
DNI,12.365860920820083
TSI,5.6082941287541805
CELH,4.491645202851252
OPCH,13.251627671043009
SANW,2.2782169187904038
NXST,106.52852912782954
AXGN,16.62468846228345
AXS,57.66591316079219
HWKN,39.9599516519164
KRA,22.476181674811656
ALB,64.45894084679517
BKH,77.64955290964144
UBFO,10.450631829180875
COR,111.64372974502952
NLS,1.4610883786957993
IPI,2.197342839952399
EWBC,45.177915323048644
OAS,2.491303659502473
PBT,3.53030534589825
AZZ,37.25561556267393
SWIR,8.858947202468109
TCP,39.53706422283921
IRDM,24.99768615977837
CSGS,56.65360389005312
CPLP,11.037466819380647
PEI,5.006254735240108
SKY,32.47454435158325
MCA,14.052131655241542
TRX,0.7587078523201305
HI,30.935253131381728
DAR,23.241823953363436
UGLD,129.07782670758147
BG,53.783961786647986
FBNC,38.48832874207096
MCI,16.876240741462766
BMA,25.603915761180964
UEIC,56.58717199245235
AB,28.818426246406634
OBAS,10.435035309762156
SBUX,83.66827800477974
CPG,3.742934909856633
CINF,105.29155365002909
FEN,20.22289264740425
SNX,122.19655554036528
HALL,18.960655057597737
SBRA,21.404669995077555
LTRX,3.43497373195786
DTF,14.48137261590039
SIGA,4.9447337630822314
KAI,94.79065879108393
QMCO,5.6124778405546785
RGA,166.1146866234089
THG,131.82109025397043
FCO,7.713289848139338
TDE,24.88932847091646
CONN,21.61259230752473
EGO,7.689078223503904
CY,23.422985159122554
ICLN,10.620438283762088
NNVC,2.944352974225663
AIZ,132.61676763444936
XAN,10.436494583607036
ALIM,4.540449979653211
PFL,11.372744954678554
WIA,11.74177343429451
TRST,8.605157833359717
EXD,9.642111168589002
HNW,14.28878418634064
SBLK,10.564177789628157
AUBN,42.776779729916434
GSIT,7.379226283802065
ISSC,4.481605489868436
ESGR,202.0670809351349
CAMT,10.270796412877257
CKH,41.12259122911643
CLS,7.628788656360495
ZTR,10.62659132059916
SIRI,6.88088453477
PFM,29.70236383516168
ANTE,1.1193782646171706
PZC,11.329168934489825
DSLV,18.64759408339293
WDC,49.11077723431866
PRPH,1.7398939265705513
RS,116.47945923387664
BOTJ,14.729172565953785
CE,125.335461014881
HAIN,24.783597368827017
QCLN,22.404166055852045
ATR,110.77060137938759
WSM,68.0795472502407
LNG,61.69390965778066
VTWO,127.3165257569415
FRC,109.4902195056923
FUL,49.53639228787455
ICFI,86.12255124274733
CIZN,21.19363018167784
UFI,24.187170949074922
MXIM,55.43207514445196
MRLN,20.89911898289644
GTT,5.633571180031205
CR,82.63329123798847
SXT,62.475538056826416
NBTB,39.841948877807255
ADI,110.93423347220858
EVK,1.5871243136144657
WSBC,36.3275980190047
ACER,3.49002547049361
CHN,19.390918902569762
CORT,13.154770651778787
FLIC,23.62254916970579
ADTN,8.754372943178511
PFLT,11.383784966155751
AVID,8.151889023381255
TSEM,22.363186278989343
KRO,13.272190313911493
MORN,156.62277770175288
BHV,16.228402972552246
MMU,13.539424560636375
SGRP,1.262803975064014
PBA,34.55517279147586
GF,14.770770163872292
OSPN,18.036364433544364
J,93.96655155621102
AMKR,12.361008783426415
CPHI,0.23367771539743942
TRT,3.46454188104423
OPRX,10.50085214084066
DXYN,1.5442115288870193
GFED,24.603218787151906
FRAF,36.58096343322387
HWCC,3.896337243893197
WYND,47.000467160612295
CHMG,43.30372132047404
EVC,2.618342179822169
NNA,6.978255760297341
IOR,12.680409329759337
ATLC,7.526635747665082
STWD,22.946173660946116
TTM,11.379886469557347
NOC,352.24295874920267
EQS,1.5820409555934283
MKC,167.86819418824558
MXL,20.3515655339153
NEV,14.540096451037911
ASFI,10.289451512195315
JTA,11.19322043355172
MNR,14.595403716472253
TFSL,19.410253830289882
GTN,20.08196288270697
TYG,17.03092527145743
VIRC,3.7290784560826413
BIS,15.204405770424756
WOOD,65.0354237590413
MASI,156.9093034906983
